Betreiber;Straße;Hausnummer;Adresszusatz;Postleitzahl;Ort;Bundesland;Kreis/kreisfreie Stadt;Breitengrad;Längengrad;Inbetriebnahmedatum;Anschlussleistung;Art der Ladeeinrichung;Anzahl Ladepunkte;Steckertypen1;P1 [kW];Public Key1;Steckertypen2;P2 [kW];Public Key2;Steckertypen3;P3 [kW];Public Key3;Steckertypen4;P4 [kW];Public Key4
LANXESS Deutschland GmbH;Kennedyplatz;1;;50569;Köln;Nordrhein-Westfalen;Kreisfreie Stadt Köln;50,937417;6,97069;22.07.21;44;Normalladeeinrichtung;2;AC Steckdose Typ 2;22;;AC Steckdose Typ 2;22;;;;;;;
LANXESS Deutschland GmbH;Kennedyplatz;1;;50569;Köln;Nordrhein-Westfalen;Kreisfreie Stadt Köln;50,937417;6,97069;22.07.21;44;Normalladeeinrichtung;2;AC Steckdose Typ 2;22;;AC Steckdose Typ 2;22;;;;;;;
LANXESS Deutschland GmbH;Kennedyplatz;1;;50569;Köln;Nordrhein-Westfalen;Kreisfreie Stadt Köln;50,937417;6,97069;22.07.21;44;Normalladeeinrichtung;2;AC Steckdose Typ 2;22;;AC Steckdose Typ 2;22;;;;;;;
LANXESS Deutschland GmbH;Kennedyplatz;1;;50569;Köln;Nordrhein-Westfalen;Kreisfreie Stadt Köln;50,937417;6,97069;22.07.21;44;Normalladeeinrichtung;2;AC Steckdose Typ 2;22;;AC Steckdose Typ 2;22;;;;;;;
Rheinenergie AG;Johannisstraße;74;;50667;Köln;Nordrhein-Westfalen;Kreisfreie Stadt Köln;50,94498;6,960778;08.12.20;44;Normalladeeinrichtung;2;AC Steckdose Typ 2;22;;AC Steckdose Typ 2;22;;;;;;;
Rheinenergie AG;Ludwigsstraße;1;;50667;Köln;Nordrhein-Westfalen;Kreisfreie Stadt Köln;50,937607;6,955156;04.09.18;11;Normalladeeinrichtung;1;AC Steckdose Typ 2;11;;;;;;;;;;
Rheinenergie AG;Ludwigsstraße;1;;50667;Köln;Nordrhein-Westfalen;Kreisfreie Stadt Köln;50,937607;6,955156;12.12.20;11;Normalladeeinrichtung;1;AC Steckdose Typ 2;11;;;;;;;;;;
Kreissparkasse Köln;Neumarkt;18-24;;50667;Köln;Nordrhein-Westfalen;Kreisfreie Stadt Köln;50,9368728;6,9465494;23.04.21;22;Normalladeeinrichtung;1;AC Steckdose Typ 2;22;3059301306072a8648ce3d020106082a8648ce3d0301070342000402150126accf2d9679809d7d1d1915c440406498b7e4cab8b2e6be41b7d1efbed6c815b023a191a07740c635f0793e360e24dc5c1cf7ababbcf50cc8543989b4;;;;;;;;;
Kreissparkasse Köln;Neumarkt;18-24;;50667;Köln;Nordrhein-Westfalen;Kreisfreie Stadt Köln;50,9368728;6,9465494;23.04.21;22;Normalladeeinrichtung;1;AC Steckdose Typ 2;22;3059301306072a8648ce3d020106082a8648ce3d03010703420004abe33e79aa27e2cb41afa8af09dabd600fc377ef6c871accd94040ff9bd2e6213c1dfa1b6a2517bc70baa2c6597505c7a2455d9011e73b425acb196fe02c65db;;;;;;;;;
Kreissparkasse Köln;Neumarkt;18-24;;50667;Köln;Nordrhein-Westfalen;Kreisfreie Stadt Köln;50,9368728;6,9465494;23.04.21;22;Normalladeeinrichtung;1;AC Steckdose Typ 2;22;3059301306072a8648ce3d020106082a8648ce3d03010703420004da847e2b229cddaa84bc1d999d49559d97e6d09436a8a0dabc24b251cb396ecf537d4bbdc7770f4f246a49037ce3fddbbc9227f2aa40fc31e8cf071f5b6577f6;;;;;;;;;
Kreissparkasse Köln;Neumarkt;18-24;;50667;Köln;Nordrhein-Westfalen;Kreisfreie Stadt Köln;50,9368728;6,9465494;23.04.21;22;Normalladeeinrichtung;1;AC Steckdose Typ 2;22;3059301306072a8648ce3d020106082a8648ce3d030107034200049d720390e2b7eebee71af18d5a1e45112db065c0fc38295f2b5b4b996bb4f9a94c58b84e99695a835b81a9e4d1de6fe0a222071602432524927c85f3ce44f7de;;;;;;;;;
Kreissparkasse Köln;Neumarkt;18-24;;50667;Köln;Nordrhein-Westfalen;Kreisfreie Stadt Köln;50,9368728;6,9465494;23.04.21;22;Normalladeeinrichtung;1;AC Steckdose Typ 2;22;3059301306072a8648ce3d020106082a8648ce3d030107034200045804688a7cecf3af053e68ad81ae7cf71611e44380fe8b8643759a5e1fb5f58a0bd283333fae3614de20360b021feb672c4d193c935991b8c74b1c2f05992a7e;;;;;;;;;
Kreissparkasse Köln;Neumarkt;18-24;;50667;Köln;Nordrhein-Westfalen;Kreisfreie Stadt Köln;50,9368728;6,9465494;23.04.21;22;Normalladeeinrichtung;1;AC Steckdose Typ 2;22;3059301306072a8648ce3d020106082a8648ce3d03010703420004ca8dbf363c38f3cda8a5b5451b45d8636418e5c61a8bd70f891e1218faa7356031e3b294a69aeaa940f5eeb43a188efddc695f2be453d70f82f541c7f6cb4425;;;;;;;;;
Rheinenergie AG;Johannisstraße;76-80;;50668;Köln;Nordrhein-Westfalen;Kreisfreie Stadt Köln;50,944661;6,96153;16.05.14;22;Normalladeeinrichtung;2;AC Steckdose Typ 2, AC Schuko;11;;AC Steckdose Typ 2, AC Schuko;11;;;;;;;
Rheinenergie AG;Kardinal-Frings-Straße;1-3;;50668;Köln;Nordrhein-Westfalen;Kreisfreie Stadt Köln;50,944306;6,952838;26.11.19;11;Normalladeeinrichtung;1;AC Steckdose Typ 2;11;;;;;;;;;;
Rheinenergie AG;Kardinal-Frings-Straße;1-3;;50668;Köln;Nordrhein-Westfalen;Kreisfreie Stadt Köln;50,944306;6,952838;26.11.19;11;Normalladeeinrichtung;1;AC Steckdose Typ 2;11;;;;;;;;;;
Rheinenergie AG;Kardinal-Frings-Straße;1-3;;50668;Köln;Nordrhein-Westfalen;Kreisfreie Stadt Köln;50,944306;6,952838;26.11.19;22;Normalladeeinrichtung;1;AC Steckdose Typ 2;22;;;;;;;;;;
Rheinenergie AG;Kardinal-Frings-Straße;1-3;;50668;Köln;Nordrhein-Westfalen;Kreisfreie Stadt Köln;50,944306;6,952838;26.11.19;22;Normalladeeinrichtung;1;AC Steckdose Typ 2;22;;;;;;;;;;
Rheinenergie AG;Riehler Platz;1;;50668;Köln;Nordrhein-Westfalen;Kreisfreie Stadt Köln;50,954988;6,966254;18.12.20;44;Normalladeeinrichtung;2;AC Steckdose Typ 2;22;;AC Steckdose Typ 2;22;;;;;;;
Rheinenergie AG;Riehler Straße;31;;50668;Köln;Nordrhein-Westfalen;Kreisfreie Stadt Köln;50,952666;6,961192;19.11.21;44;Normalladeeinrichtung;2;AC Steckdose Typ 2;22;;AC Steckdose Typ 2;22;;;;;;;
Rheinenergie AG;Neusser Wall;50;;50668;Köln;Nordrhein-Westfalen;Kreisfreie Stadt Köln;50,9562;6,96723;07.10.21;44;Normalladeeinrichtung;2;AC Steckdose Typ 2;22;;AC Steckdose Typ 2;22;;;;;;;
Rheinenergie AG;Hansaring;89;;50670;Köln;Nordrhein-Westfalen;Kreisfreie Stadt Köln;50,948236;6,950133;27.10.21;44;Normalladeeinrichtung;2;AC Steckdose Typ 2;22;;AC Steckdose Typ 2;22;;;;;;;
Rheinenergie AG;Erftstraße;19;;50672;Köln;Nordrhein-Westfalen;Kreisfreie Stadt Köln;50,945892;6,941821;21.12.20;22;Normalladeeinrichtung;1;AC Steckdose Typ 2;22;;;;;;;;;;
Rheinenergie AG;Erftstraße;19;;50672;Köln;Nordrhein-Westfalen;Kreisfreie Stadt Köln;50,945892;6,941821;21.12.20;22;Normalladeeinrichtung;1;AC Steckdose Typ 2;22;;;;;;;;;;
Rheinenergie AG;Erftstraße;19;;50672;Köln;Nordrhein-Westfalen;Kreisfreie Stadt Köln;50,945892;6,941821;21.12.20;22;Normalladeeinrichtung;1;AC Steckdose Typ 2;22;;;;;;;;;;
Rheinenergie AG;Kreutzerstraße;4;;50672;Köln;Nordrhein-Westfalen;Kreisfreie Stadt Köln;50,943959;6,929286;05.02.21;44;Normalladeeinrichtung;2;AC Steckdose Typ 2;22;;AC Steckdose Typ 2;22;;;;;;;
Rheinenergie AG;Neue Maastrichter Straße ;6;;50672;Köln;Nordrhein-Westfalen;Kreisfreie Stadt Köln;50,939253;6,934088;27.09.21;44;Normalladeeinrichtung;2;AC Steckdose Typ 2;22;;AC Steckdose Typ 2;22;;;;;;;
Rheinenergie AG;Moselstraße;74;;50674;Köln;Nordrhein-Westfalen;Kreisfreie Stadt Köln;50,92814;6,93723;16.11.21;44;Normalladeeinrichtung;2;AC Steckdose Typ 2;22;;AC Steckdose Typ 2;22;;;;;;;
Rheinenergie AG;Agrippastraße;45;;50676;Köln;Nordrhein-Westfalen;Kreisfreie Stadt Köln;50,933123;6,9523;09.11.17;44;Normalladeeinrichtung;2;AC Steckdose Typ 2;22;;AC Steckdose Typ 2;22;;;;;;;
Rheinenergie AG;Lungengasse;40;ggü.;50676;Köln;Nordrhein-Westfalen;Kreisfreie Stadt Köln;50,934986;6,946149;27.06.13;44;Normalladeeinrichtung;2;AC Steckdose Typ 2;22;;AC Steckdose Typ 2;22;;;;;;;
Rheinenergie AG;Laurenzplatz;4;;50677;Köln;Nordrhein-Westfalen;Kreisfreie Stadt Köln;50,938292;6,957722;13.12.20;44;Normalladeeinrichtung;2;AC Steckdose Typ 2;22;;AC Steckdose Typ 2;22;;;;;;;
Rheinenergie AG;Mainzer Straße;42-48;;50678;Köln;Nordrhein-Westfalen;Kreisfreie Stadt Köln;50,919056;6,964449;06.08.20;44;Normalladeeinrichtung;2;AC Steckdose Typ 2;22;;AC Steckdose Typ 2;22;;;;;;;
Rheinenergie AG;Annostraße;12;;50678;Köln;Nordrhein-Westfalen;Kreisfreie Stadt Köln;50,923198;6,961561;08.06.21;44;Normalladeeinrichtung;1;AC Steckdose Typ 2;22;;;;;;;;;;
Rheinenergie AG;Hönninger Weg;166;;50678;Köln;Nordrhein-Westfalen;Kreisfreie Stadt Köln;50,912548;6,940296;22.09.21;44;Normalladeeinrichtung;2;AC Steckdose Typ 2;22;;AC Steckdose Typ 2;22;;;;;;;
Rheinenergie AG;Karolingerring;8;;50678;Köln;Nordrhein-Westfalen;Kreisfreie Stadt Köln;50,921388;6,958706;29.07.21;44;Normalladeeinrichtung;2;AC Steckdose Typ 2;22;;AC Steckdose Typ 2;22;;;;;;;
Rheinenergie AG;Picassoplatz;0;(Auenweg);50679;Köln;Nordrhein-Westfalen;Kreisfreie Stadt Köln;50,943511;6,973142;31.10.13;44;Normalladeeinrichtung;2;AC Steckdose Typ 2, AC Schuko;22;;AC Steckdose Typ 2, AC Schuko;22;;;;;;;
Rheinenergie AG;Picassoplatz;0;(Auenweg);50679;Köln;Nordrhein-Westfalen;Kreisfreie Stadt Köln;50,943511;6,973142;31.10.13;44;Normalladeeinrichtung;2;AC Steckdose Typ 2, AC Schuko;22;;AC Steckdose Typ 2, AC Schuko;22;;;;;;;
Rheinenergie AG;Erna-Scheffler-Straße;5;;50679;Köln;Nordrhein-Westfalen;Kreisfreie Stadt Köln;50,940991;6,992267;03.04.17;44;Normalladeeinrichtung;2;AC Steckdose Typ 2;22;;AC Steckdose Typ 2;22;;;;;;;
Rheinenergie AG;Willy-Brandt-Platz;3;;50679;Köln;Nordrhein-Westfalen;Kreisfreie Stadt Köln;50,939396;6,981609;16.12.19;22;Normalladeeinrichtung;1;AC Steckdose Typ 2;22;;;;;;;;;;
Rheinenergie AG;Willy-Brandt-Platz;3;;50679;Köln;Nordrhein-Westfalen;Kreisfreie Stadt Köln;50,939396;6,981609;16.12.19;22;Normalladeeinrichtung;1;AC Steckdose Typ 2;22;;;;;;;;;;
Rheinenergie AG;Willy-Brandt-Platz;3;;50679;Köln;Nordrhein-Westfalen;Kreisfreie Stadt Köln;50,939396;6,981609;16.12.19;22;Normalladeeinrichtung;1;AC Steckdose Typ 2;22;;;;;;;;;;
Rheinenergie AG;Willy-Brandt-Platz;3;;50679;Köln;Nordrhein-Westfalen;Kreisfreie Stadt Köln;50,939396;6,981609;16.12.19;22;Normalladeeinrichtung;1;AC Steckdose Typ 2;22;;;;;;;;;;
Rheinenergie AG;Willy-Brandt-Platz;3;;50679;Köln;Nordrhein-Westfalen;Kreisfreie Stadt Köln;50,939396;6,981609;16.12.19;22;Normalladeeinrichtung;1;AC Steckdose Typ 2;22;;;;;;;;;;
Rheinenergie AG;Pfälzischer Ring;0;;50679;Köln;Nordrhein-Westfalen;Kreisfreie Stadt Köln;50,945882;6,989198;26.11.18;11;Normalladeeinrichtung;1;AC Steckdose Typ 2;11;;;;;;;;;;
Rheinenergie AG;Pfälzischer Ring;0;;50679;Köln;Nordrhein-Westfalen;Kreisfreie Stadt Köln;50,945882;6,989198;26.11.18;11;Normalladeeinrichtung;1;AC Steckdose Typ 2;11;;;;;;;;;;
Rheinenergie AG;Pfälzischer Ring;0;;50679;Köln;Nordrhein-Westfalen;Kreisfreie Stadt Köln;50,945882;6,989198;26.11.18;11;Normalladeeinrichtung;1;AC Steckdose Typ 2;11;;;;;;;;;;
Rheinenergie AG;Pfälzischer Ring;0;;50679;Köln;Nordrhein-Westfalen;Kreisfreie Stadt Köln;50,945882;6,989198;26.11.18;11;Normalladeeinrichtung;1;AC Steckdose Typ 2;11;;;;;;;;;;
Rheinenergie AG;Pfälzischer Ring;0;;50679;Köln;Nordrhein-Westfalen;Kreisfreie Stadt Köln;50,945882;6,989198;26.11.18;11;Normalladeeinrichtung;1;AC Steckdose Typ 2;11;;;;;;;;;;
Rheinenergie AG;Pfälzischer Ring;0;;50679;Köln;Nordrhein-Westfalen;Kreisfreie Stadt Köln;50,945882;6,989198;26.11.18;11;Normalladeeinrichtung;1;AC Steckdose Typ 2;11;;;;;;;;;;
Rheinenergie AG;Pfälzischer Ring;0;;50679;Köln;Nordrhein-Westfalen;Kreisfreie Stadt Köln;50,945882;6,989198;26.11.18;11;Normalladeeinrichtung;1;AC Steckdose Typ 2;11;;;;;;;;;;
Rheinenergie AG;Pfälzischer Ring;0;;50679;Köln;Nordrhein-Westfalen;Kreisfreie Stadt Köln;50,945882;6,989198;26.11.18;11;Normalladeeinrichtung;1;AC Steckdose Typ 2;11;;;;;;;;;;
Rheinenergie AG;Pfälzischer Ring;0;;50679;Köln;Nordrhein-Westfalen;Kreisfreie Stadt Köln;50,945882;6,989198;26.11.18;11;Normalladeeinrichtung;1;AC Steckdose Typ 2;11;;;;;;;;;;
Rheinenergie AG;Pfälzischer Ring;0;;50679;Köln;Nordrhein-Westfalen;Kreisfreie Stadt Köln;50,945882;6,989198;26.11.18;11;Normalladeeinrichtung;1;AC Steckdose Typ 2;11;;;;;;;;;;
Rheinenergie AG;Charles-de-Gaulle-Platz;0;;50679;Köln;Nordrhein-Westfalen;Kreisfreie Stadt Köln;50,941859;6,972245;29.03.17;44;Normalladeeinrichtung;2;AC Steckdose Typ 2;22;;AC Steckdose Typ 2;22;;;;;;;
Rheinenergie AG;Charles-de-Gaulle-Platz;0;;50679;Köln;Nordrhein-Westfalen;Kreisfreie Stadt Köln;50,941859;6,972245;29.03.17;44;Normalladeeinrichtung;2;AC Steckdose Typ 2;22;;AC Steckdose Typ 2;22;;;;;;;
Rheinenergie AG;Willy-Brandt Platz;3;;50679;Köln;Nordrhein-Westfalen;Kreisfreie Stadt Köln;50,939396;6,981609;16.12.19;44;Normalladeeinrichtung;2;AC Steckdose Typ 2;22;;AC Steckdose Typ 2;22;;;;;;;
Rheinenergie AG;Willy-Brandt Platz;3;;50679;Köln;Nordrhein-Westfalen;Kreisfreie Stadt Köln;50,939318;6,979939;26.02.21;22;Normalladeeinrichtung;1;AC Steckdose Typ 2;22;;;;;;;;;;
Rheinenergie AG;Willy-Brandt Platz;3;;50679;Köln;Nordrhein-Westfalen;Kreisfreie Stadt Köln;50,939318;6,979939;26.02.21;22;Normalladeeinrichtung;1;AC Steckdose Typ 2;22;;;;;;;;;;
Rheinenergie AG;Willy-Brandt Platz;3;;50679;Köln;Nordrhein-Westfalen;Kreisfreie Stadt Köln;50,939318;6,979939;26.02.21;22;Normalladeeinrichtung;1;AC Steckdose Typ 2;22;;;;;;;;;;
Rheinenergie AG;Willy-Brandt Platz;3;;50679;Köln;Nordrhein-Westfalen;Kreisfreie Stadt Köln;50,939318;6,979939;26.02.21;22;Normalladeeinrichtung;1;AC Steckdose Typ 2;22;;;;;;;;;;
Rheinenergie AG;Constantinstraße;90;;50679;Köln;Nordrhein-Westfalen;Kreisfreie Stadt Köln;50,9391;6,977574;07.05.21;44;Normalladeeinrichtung;2;AC Steckdose Typ 2;22;;AC Steckdose Typ 2;22;;;;;;;
Rheinenergie AG;Gotenring;31;;50679;Köln;Nordrhein-Westfalen;Kreisfreie Stadt Köln;50,933969;6,97751;22.04.21;44;Normalladeeinrichtung;2;AC Steckdose Typ 2;22;;AC Steckdose Typ 2;22;;;;;;;
Rheinenergie AG;Gotenring;8;;50679;Köln;Nordrhein-Westfalen;Kreisfreie Stadt Köln;50,93634;6,977732;22.04.21;44;Normalladeeinrichtung;2;AC Steckdose Typ 2;22;;AC Steckdose Typ 2;22;;;;;;;
Rheinenergie AG;Helenenwallstraße;40;;50679;Köln;Nordrhein-Westfalen;Kreisfreie Stadt Köln;50,931567;6,9719;23.04.21;44;Normalladeeinrichtung;2;AC Steckdose Typ 2;22;;AC Steckdose Typ 2;22;;;;;;;
Rheinenergie AG;Riphahnstraße;21;;50679;Köln;Nordrhein-Westfalen;Kreisfreie Stadt Köln;51,01908;6,90241;09.06.21;44;Normalladeeinrichtung;2;AC Steckdose Typ 2;22;;AC Steckdose Typ 2;22;;;;;;;
Rheinenergie AG;Iltisstraße;128;A;50679;Köln;Nordrhein-Westfalen;Kreisfreie Stadt Köln;50,963909;6,914013;13.09.21;44;Normalladeeinrichtung;2;AC Steckdose Typ 2;22;;AC Steckdose Typ 2;22;;;;;;;
Rheinenergie AG;Karlstraße;5;;50679;Köln;Nordrhein-Westfalen;Kreisfreie Stadt Köln;50,937826;6,972033;30.11.21;44;Normalladeeinrichtung;2;AC Steckdose Typ 2;22;;AC Steckdose Typ 2;22;;;;;;;
EnBW mobility+ AG und Co.KG ;Deutz-Kalker-Str.;103;;50679;Köln Deutz;Nordrhein-Westfalen;Kreisfreie Stadt Köln;50,937223;6,991939;05.02.21;300;Schnellladeeinrichtung;2;DC Kupplung Combo;300;;DC Kupplung Combo, DC CHAdeMO;300;;;;;;;
amperio GmbH;Siegburger Str.;229;;50679;Köln;Nordrhein-Westfalen;Kreisfreie Stadt Köln;50,923747;6,980576;24.11.20;22;Normalladeeinrichtung;1;AC Steckdose Typ 2;22;AIG2ZLVUGFDV7HAZ5HRLDSAVX3ATUGIIHCNBKM3L;;;;;;;;;
Rheinenergie AG;Sedanstraße;6;;50688;Köln;Nordrhein-Westfalen;Kreisfreie Stadt Köln;50,951987;6,961789;11.12.19;44;Normalladeeinrichtung;2;AC Steckdose Typ 2;22;;AC Steckdose Typ 2;22;;;;;;;
Rheinenergie AG;Sedanstraße;6;;50688;Köln;Nordrhein-Westfalen;Kreisfreie Stadt Köln;50,951987;6,961789;11.12.19;22;Normalladeeinrichtung;1;AC Steckdose Typ 2;22;;;;;;;;;;
Rheinenergie AG;Sedanstraße;6;;50688;Köln;Nordrhein-Westfalen;Kreisfreie Stadt Köln;50,951987;6,961789;11.12.19;22;Normalladeeinrichtung;1;AC Steckdose Typ 2;22;;;;;;;;;;
Rheinenergie AG;Sedanstraße;6;;50688;Köln;Nordrhein-Westfalen;Kreisfreie Stadt Köln;50,951987;6,961789;11.12.19;22;Normalladeeinrichtung;1;AC Steckdose Typ 2;22;;;;;;;;;;
Rheinenergie AG;Sedanstraße;6;;50688;Köln;Nordrhein-Westfalen;Kreisfreie Stadt Köln;50,951987;6,961789;11.12.19;22;Normalladeeinrichtung;1;AC Steckdose Typ 2;22;;;;;;;;;;
Rheinenergie AG;Sedanstraße;6;;50688;Köln;Nordrhein-Westfalen;Kreisfreie Stadt Köln;50,951987;6,961789;11.12.19;22;Normalladeeinrichtung;1;AC Steckdose Typ 2;22;;;;;;;;;;
Rheinenergie AG;Sedanstraße;6;;50688;Köln;Nordrhein-Westfalen;Kreisfreie Stadt Köln;50,951987;6,961789;11.12.19;22;Normalladeeinrichtung;1;AC Steckdose Typ 2;22;;;;;;;;;;
Rheinenergie AG;Sedanstraße;6;;50688;Köln;Nordrhein-Westfalen;Kreisfreie Stadt Köln;50,951987;6,961789;11.12.19;22;Normalladeeinrichtung;1;AC Steckdose Typ 2;22;;;;;;;;;;
Rheinenergie AG;Sedanstraße;6;;50688;Köln;Nordrhein-Westfalen;Kreisfreie Stadt Köln;50,951987;6,961789;11.12.19;22;Normalladeeinrichtung;1;AC Steckdose Typ 2;22;;;;;;;;;;
Rheinenergie AG;Sedanstraße;6;;50688;Köln;Nordrhein-Westfalen;Kreisfreie Stadt Köln;50,951987;6,961789;11.12.19;22;Normalladeeinrichtung;1;AC Steckdose Typ 2;22;;;;;;;;;;
Rheinenergie AG;Sedanstraße;6;;50688;Köln;Nordrhein-Westfalen;Kreisfreie Stadt Köln;50,951987;6,961789;11.12.19;22;Normalladeeinrichtung;1;AC Steckdose Typ 2;22;;;;;;;;;;
Rheinenergie AG;Neusser Str.;242;;50733;Köln;Nordrhein-Westfalen;Kreisfreie Stadt Köln;50,963081;6,955304;07.10.13;44;Normalladeeinrichtung;2;AC Steckdose Typ 2, AC Schuko;22;;AC Steckdose Typ 2, AC Schuko;22;;;;;;;
Rheinenergie AG;Neusser Str.;310;;50733;Köln;Nordrhein-Westfalen;Kreisfreie Stadt Köln;50,96621;6,95357;27.02.17;11;Normalladeeinrichtung;1;AC Steckdose Typ 2;11;;;;;;;;;;
Rheinenergie AG;Neusser Str.;230;;50733;Köln;Nordrhein-Westfalen;Kreisfreie Stadt Köln;50,962449;6,9543;27.02.17;11;Normalladeeinrichtung;1;AC Steckdose Typ 2;11;;;;;;;;;;
Rheinenergie AG;Neusser Str.;216;;50733;Köln;Nordrhein-Westfalen;Kreisfreie Stadt Köln;50,961831;6,954461;27.02.17;11;Normalladeeinrichtung;1;AC Steckdose Typ 2;11;;;;;;;;;;
Rheinenergie AG;Neusser Straße;453;;50733;Köln;Nordrhein-Westfalen;Kreisfreie Stadt Köln;50,972486;6,950572;18.02.21;44;Normalladeeinrichtung;2;AC Steckdose Typ 2;22;;AC Steckdose Typ 2;22;;;;;;;
Rheinenergie AG;Merheimer Straße;217;;50733;Köln;Nordrhein-Westfalen;Kreisfreie Stadt Köln;50,966793;6,947419;22.09.21;44;Normalladeeinrichtung;2;AC Steckdose Typ 2;22;;AC Steckdose Typ 2;22;;;;;;;
Rheinenergie AG;Niehler Kirchweg;39;;50733;Köln;Nordrhein-Westfalen;Kreisfreie Stadt Köln;50,969082;6,951013;16.11.21;44;Normalladeeinrichtung;2;AC Steckdose Typ 2;22;;AC Steckdose Typ 2;22;;;;;;;
Rheinenergie AG;Simon-Meister Straße;3;;50733;Köln;Nordrhein-Westfalen;Kreisfreie Stadt Köln;50,966032;6,951083;26.11.21;44;Normalladeeinrichtung;2;AC Steckdose Typ 2;22;;AC Steckdose Typ 2;22;;;;;;;
Rheinenergie AG;Auerstraße;23;;50733;Köln;Nordrhein-Westfalen;Kreisfreie Stadt Köln;50,96;6,95884;08.09.21;44;Normalladeeinrichtung;2;AC Steckdose Typ 2;22;;AC Steckdose Typ 2;22;;;;;;;
Rheinenergie AG;Josefine-Clouth-Straße;42;;50733;Köln;Nordrhein-Westfalen;Kreisfreie Stadt Köln;50,966645;6,960478;08.09.21;44;Normalladeeinrichtung;2;AC Steckdose Typ 2;22;;AC Steckdose Typ 2;22;;;;;;;
Rheinenergie AG;Esenbeckstraße;14;;50735;Köln;Nordrhein-Westfalen;Kreisfreie Stadt Köln;50,968218;6,97511;09.02.21;44;Normalladeeinrichtung;2;AC Steckdose Typ 2;22;;AC Steckdose Typ 2;22;;;;;;;
Rheinenergie AG;Am Molenkopf;3;;50735;Köln;Nordrhein-Westfalen;Kreisfreie Stadt Köln;50,974132;6,988296;10.12.20;44;Normalladeeinrichtung;2;AC Steckdose Typ 2;22;;AC Steckdose Typ 2;22;;;;;;;
Rheinenergie AG;Niehler Straße;358;;50735;Köln;Nordrhein-Westfalen;Kreisfreie Stadt Köln;50,97716;6,96027;07.04.21;44;Normalladeeinrichtung;2;AC Steckdose Typ 2;22;;AC Steckdose Typ 2;22;;;;;;;
Rheinenergie AG;Amsterdamer Straße;267;;50735;Köln;Nordrhein-Westfalen;Kreisfreie Stadt Köln;50,978652;6,968383;02.09.21;44;Normalladeeinrichtung;2;AC Steckdose Typ 2;22;;AC Steckdose Typ 2;22;;;;;;;
Rheinenergie AG;Amsterdamer Straße;213;;50735;Köln;Nordrhein-Westfalen;Kreisfreie Stadt Köln;50,97508;6,96902;28.10.21;44;Normalladeeinrichtung;2;AC Steckdose Typ 2;22;;AC Steckdose Typ 2;22;;;;;;;
Charge-ON GmbH;Boltensternstraße;353;;50735;Köln;Nordrhein-Westfalen;Kreisfreie Stadt Köln;50,98049;6,96886;10.09.18;93;Schnellladeeinrichtung;2;AC Kupplung Typ 2;43;;DC Kupplung Combo, DC CHAdeMO;50;;;;;;;
Charge-ON GmbH;Boltensternstraße;353;;50735;Köln;Nordrhein-Westfalen;Kreisfreie Stadt Köln;50,98049;6,96886;10.09.18;93;Schnellladeeinrichtung;2;AC Kupplung Typ 2;43;;DC Kupplung Combo, DC CHAdeMO;50;;;;;;;
Rheinenergie AG;Altonaer Straße;53;;50737;Köln;Nordrhein-Westfalen;Kreisfreie Stadt Köln;50,995206;6,92524;22.02.21;44;Normalladeeinrichtung;2;AC Steckdose Typ 2;22;;AC Steckdose Typ 2;22;;;;;;;
Rheinenergie AG;Neusser Straße;681;;50737;Köln;Nordrhein-Westfalen;Kreisfreie Stadt Köln;50,986688;6,945519;09.04.21;44;Normalladeeinrichtung;2;AC Steckdose Typ 2;22;;AC Steckdose Typ 2;22;;;;;;;
Rheinenergie AG;Ebernburgweg;35;;50739;Köln;Nordrhein-Westfalen;Kreisfreie Stadt Köln;50,97038;6,93077;22.02.21;44;Normalladeeinrichtung;2;AC Steckdose Typ 2;22;;AC Steckdose Typ 2;22;;;;;;;
Rheinenergie AG;Merheimer Straße;416;;50739;Köln;Nordrhein-Westfalen;Kreisfreie Stadt Köln;50,974028;6,946578;18.02.21;44;Normalladeeinrichtung;2;AC Steckdose Typ 2;22;;AC Steckdose Typ 2;22;;;;;;;
Procar Automobile GmbH;Robert-Perthel-Str.;1;;50739;Köln;Nordrhein-Westfalen;Kreisfreie Stadt Köln;50,977855;6,920871;18.01.19;44;Normalladeeinrichtung;2;AC Steckdose Typ 2;22;;AC Steckdose Typ 2;22;;;;;;;
Vonovia Energie Service GmbH;Ulmerstr.;21;;50739;Köln;Nordrhein-Westfalen;Kreisfreie Stadt Köln;50,96676;6,93745;18.06.21;22;Normalladeeinrichtung;2;AC Steckdose Typ 2;22;;AC Steckdose Typ 2;22;;;;;;;
Rheinenergie AG;Sandglöckchenweg;56;;50765;Köln;Nordrhein-Westfalen;Kreisfreie Stadt Köln;51,015485;6,890217;14.10.21;44;Normalladeeinrichtung;2;AC Steckdose Typ 2;22;;AC Steckdose Typ 2;22;;;;;;;
Rheinenergie AG;Martinusstraße;2;;50765;Köln;Nordrhein-Westfalen;Kreisfreie Stadt Köln;51,01279;6,856149;27.10.21;44;Normalladeeinrichtung;2;AC Steckdose Typ 2;22;;AC Steckdose Typ 2;22;;;;;;;
Comfortcharge GmbH;Stockholmer Allee;2-4;;50765;Köln;Nordrhein-Westfalen;Kreisfreie Stadt Köln;51,0239745;6,9035272;31.07.19;150;Schnellladeeinrichtung;3;DC Kupplung Combo, DC CHAdeMO;150;;AC Steckdose Typ 2;22;;AC Kupplung Typ 2;22;;;;
Rheinenergie AG;Parkgürtel;24;;50766;Köln;Nordrhein-Westfalen;Kreisfreie Stadt Köln;50,900932;7,066027;12.11.20;44;Normalladeeinrichtung;2;AC Steckdose Typ 2;22;;AC Steckdose Typ 2;22;;;;;;;
ALDI SÜD;Im Gewerbegebiet Pesch;1-3;;50767;Köln;Nordrhein-Westfalen;Kreisfreie Stadt Köln;51,004056;6,873583;30.03.22;150;Schnellladeeinrichtung;3;DC Kupplung Combo;150;;DC Kupplung Combo;150;;AC Steckdose Typ 2;22;;;;
Lidl Dienstleistung GmbH & Co. KG;Waffenschmidtstr.;9;;50767;Köln-Pesch;Nordrhein-Westfalen;Kreisfreie Stadt Köln;51,00306;6,874008;19.10.20;44;Normalladeeinrichtung;2;AC Steckdose Typ 2, AC Kupplung Typ 2;22;E6A2698103B6C378398941FC1B109FF619A5BC73D090AE0EB05A5FAE8943659B7457C7C5681BFBC9DC98BDACB1E5F5BB;AC Steckdose Typ 2, AC Kupplung Typ 2;22;B313A266E931E0EF98A666317E6CDE3B2FCFC4D1F0B642EF76E37C0D06D0DF7C74B987C18A61153CE22C01CE3016A5B1;;;;;;
Rheinenergie AG;Oskar-Schindler-Straße;4;;50769;Köln;Nordrhein-Westfalen;Kreisfreie Stadt Köln;51,033628;6,918907;13.09.16;44;Normalladeeinrichtung;2;AC Steckdose Typ 2;22;;AC Steckdose Typ 2;22;;;;;;;
Rheinenergie AG;Robert-Bosch-Str.;2-4;;50769;Köln;Nordrhein-Westfalen;Kreisfreie Stadt Köln;51,032743;6,920468;13.09.18;44;Normalladeeinrichtung;2;AC Steckdose Typ 2;22;;AC Steckdose Typ 2;22;;;;;;;
EG Elektromobilität GmbH & Co KG;Parallelweg;2;;50769;Köln;Nordrhein-Westfalen;Kreisfreie Stadt Köln;51,05547;6,847637;22.10.21;22;Normalladeeinrichtung;2;AC Steckdose Typ 2;11;;AC Steckdose Typ 2;11;;;;;;;
EG Elektromobilität GmbH & Co KG;Parallelweg;1;;50769;Köln;Nordrhein-Westfalen;Kreisfreie Stadt Köln;51,0554938;6,8473772;22.10.21;22;Normalladeeinrichtung;2;AC Steckdose Typ 2;11;;AC Steckdose Typ 2;11;;;;;;;
Rheinenergie AG;Parkgürtel;24;;50823;Köln;Nordrhein-Westfalen;Kreisfreie Stadt Köln;50,960305;6,93333;13.06.14;44;Normalladeeinrichtung;2;AC Steckdose Typ 2, AC Schuko;22;;AC Steckdose Typ 2, AC Schuko;22;;;;;;;
Rheinenergie AG;Parkgürtel;24;;50823;Köln;Nordrhein-Westfalen;Kreisfreie Stadt Köln;50,960786;6,930509;13.06.14;44;Normalladeeinrichtung;2;AC Steckdose Typ 2;22;;AC Steckdose Typ 2;22;;;;;;;
Rheinenergie AG;Parkgürtel;24;;50823;Köln;Nordrhein-Westfalen;Kreisfreie Stadt Köln;50,960786;6,930509;13.06.14;44;Normalladeeinrichtung;2;AC Steckdose Typ 2;22;;AC Steckdose Typ 2;22;;;;;;;
Rheinenergie AG;Parkgürtel;24;;50823;Köln;Nordrhein-Westfalen;Kreisfreie Stadt Köln;50,960786;6,930509;13.06.14;44;Normalladeeinrichtung;2;AC Steckdose Typ 2;22;;AC Steckdose Typ 2;22;;;;;;;
Rheinenergie AG;Parkgürtel;24;;50823;Köln;Nordrhein-Westfalen;Kreisfreie Stadt Köln;50,960786;6,930509;13.06.14;44;Normalladeeinrichtung;2;AC Steckdose Typ 2;22;;AC Steckdose Typ 2;22;;;;;;;
Rheinenergie AG;Parkgürtel;24;;50823;Köln;Nordrhein-Westfalen;Kreisfreie Stadt Köln;50,960786;6,930509;13.06.14;44;Normalladeeinrichtung;2;AC Steckdose Typ 2;22;;AC Steckdose Typ 2;22;;;;;;;
Rheinenergie AG;Parkgürtel;24;;50823;Köln;Nordrhein-Westfalen;Kreisfreie Stadt Köln;50,960786;6,930509;13.06.14;44;Normalladeeinrichtung;2;AC Steckdose Typ 2;22;;AC Steckdose Typ 2;22;;;;;;;
Rheinenergie AG;Parkgürtel;24;;50823;Köln;Nordrhein-Westfalen;Kreisfreie Stadt Köln;50,960786;6,930509;13.06.14;6;Normalladeeinrichtung;2;AC Steckdose Typ 2;3;;AC Steckdose Typ 2;3;;;;;;;
Rheinenergie AG;Parkgürtel;24;;50823;Köln;Nordrhein-Westfalen;Kreisfreie Stadt Köln;50,960786;6,930509;10.04.17;44;Normalladeeinrichtung;2;AC Steckdose Typ 2;22;;AC Steckdose Typ 2;22;;;;;;;
Rheinenergie AG;Parkgürtel;24;;50823;Köln;Nordrhein-Westfalen;Kreisfreie Stadt Köln;50,960786;6,930509;10.04.17;44;Normalladeeinrichtung;2;AC Steckdose Typ 2;22;;AC Steckdose Typ 2;22;;;;;;;
Rheinenergie AG;Parkgürtel;24;;50823;Köln;Nordrhein-Westfalen;Kreisfreie Stadt Köln;50,960786;6,930509;10.04.17;44;Normalladeeinrichtung;2;AC Steckdose Typ 2;22;;AC Steckdose Typ 2;22;;;;;;;
Rheinenergie AG;Parkgürtel;24;;50823;Köln;Nordrhein-Westfalen;Kreisfreie Stadt Köln;50,960786;6,930509;10.04.17;100;Schnellladeeinrichtung;2;DC Kupplung Combo, DC CHAdeMO;50;;DC Kupplung Combo;50;;;;;;;
Rheinenergie AG;Christian-Schult-Straße;22;;50823;Köln;Nordrhein-Westfalen;Kreisfreie Stadt Köln;50,948878;6,927772;08.04.21;44;Normalladeeinrichtung;2;AC Steckdose Typ 2;22;;AC Steckdose Typ 2;22;;;;;;;
Rheinenergie AG;Ottostraße;7;;50823;Köln;Nordrhein-Westfalen;Kreisfreie Stadt Köln;50,952359;6,923396;28.09.21;72;Schnellladeeinrichtung;2;DC Kupplung Combo;50;;AC Steckdose Typ 2;22;;;;;;;
Privatperson;Hornstr.;4;;50823;Köln;Nordrhein-Westfalen;Kreisfreie Stadt Köln;50,956251;6,939846;15.09.18;22;Normalladeeinrichtung;4;AC Steckdose Typ 2;22;;AC Steckdose Typ 2;22;;AC Steckdose Typ 2;22;;AC Steckdose Typ 2;22;
Rheinenergie AG;Nonniweg;8;;50825;Köln;Nordrhein-Westfalen;Kreisfreie Stadt Köln;50,95438;6,9033;10.09.20;44;Normalladeeinrichtung;2;AC Steckdose Typ 2;22;;AC Steckdose Typ 2;22;;;;;;;
Rheinenergie AG;Heidemannstraße;84;;50825;Köln;Nordrhein-Westfalen;Kreisfreie Stadt Köln;50,960538;6,918758;09.04.21;44;Normalladeeinrichtung;2;AC Steckdose Typ 2;22;;AC Steckdose Typ 2;22;;;;;;;
Rheinenergie AG;Takusstraße;99;;50825;Köln;Nordrhein-Westfalen;Kreisfreie Stadt Köln;50,96156;6,91565;22.06.21;44;Normalladeeinrichtung;2;AC Steckdose Typ 2;22;;AC Steckdose Typ 2;22;;;;;;;
Rheinenergie AG;Lenauplatz;8;;50825;Köln;Nordrhein-Westfalen;Kreisfreie Stadt Köln;50,957261;6,919557;02.09.21;44;Normalladeeinrichtung;2;AC Steckdose Typ 2;22;;AC Steckdose Typ 2;22;;;;;;;
cowelio GmbH;Grüner Weg;6;;50825;Köln;Nordrhein-Westfalen;Kreisfreie Stadt Köln;50,947793;6,91184;29.01.19;22;Normalladeeinrichtung;2;AC Steckdose Typ 2;22;;AC Steckdose Typ 2;22;;;;;;;
cowelio GmbH;Grüner Weg;6;;50825;Köln;Nordrhein-Westfalen;Kreisfreie Stadt Köln;50,947793;6,91184;29.01.19;22;Normalladeeinrichtung;2;AC Steckdose Typ 2;22;;AC Steckdose Typ 2;22;;;;;;;
EG Elektromobilität GmbH & Co KG;Oskar-Jäger-Str.;170;;50825;Köln;Nordrhein-Westfalen;Kreisfreie Stadt Köln;50,947859;6,907831;25.11.19;100;Schnellladeeinrichtung;3;AC Steckdose Typ 2;22;;AC Kupplung Typ 2;22;;DC Kupplung Combo, DC CHAdeMO;100;;;;
Rheinenergie AG;Köhlstraße;8;;50827;Köln;Nordrhein-Westfalen;Kreisfreie Stadt Köln;50,975525;6,897439;10.02.15;44;Normalladeeinrichtung;2;AC Steckdose Typ 2, AC Schuko;22;;AC Steckdose Typ 2, AC Schuko;22;;;;;;;
Rheinenergie AG;Wilhelm-Mauser-Str.;41-43;;50827;Köln;Nordrhein-Westfalen;Kreisfreie Stadt Köln;50,956495;6,893651;12.09.17;44;Normalladeeinrichtung;2;AC Steckdose Typ 2;22;;AC Steckdose Typ 2;22;;;;;;;
Rheinenergie AG;Subbelrather Straße;533;;50827;Köln;Nordrhein-Westfalen;Kreisfreie Stadt Köln;50,960305;6,903247;18.12.20;44;Normalladeeinrichtung;2;AC Steckdose Typ 2;22;;AC Steckdose Typ 2;22;;;;;;;
Rheinenergie AG;Wilhelm-Mauser-Straße;40;;50827;Köln;Nordrhein-Westfalen;Kreisfreie Stadt Köln;50,956613;6,891319;16.01.18;44;Normalladeeinrichtung;2;AC Steckdose Typ 2;22;;AC Steckdose Typ 2;22;;;;;;;
Rheinenergie AG;Wilhelm-Mauser-Straße;40;;50827;Köln;Nordrhein-Westfalen;Kreisfreie Stadt Köln;50,956398;6,891325;01.10.14;44;Normalladeeinrichtung;2;AC Steckdose Typ 2, AC Schuko;22;;AC Steckdose Typ 2, AC Schuko;22;;;;;;;
Rheinenergie AG;Rochusstraße;279;;50827;Köln;Nordrhein-Westfalen;Kreisfreie Stadt Köln;50,96756;6,9056;10.09.21;44;Normalladeeinrichtung;2;AC Steckdose Typ 2;22;;AC Steckdose Typ 2;22;;;;;;;
Rheinenergie AG;Fronhofstraße;130;;50827;Köln;Nordrhein-Westfalen;Kreisfreie Stadt Köln;50,967839;6,899785;30.09.21;44;Normalladeeinrichtung;2;AC Steckdose Typ 2;22;;AC Steckdose Typ 2;22;;;;;;;
Rheinenergie AG;Von-Hünefeld-Str.;100;;50829;Köln;Nordrhein-Westfalen;Kreisfreie Stadt Köln;50,989158;6,892736;09.08.19;44;Normalladeeinrichtung;2;AC Steckdose Typ 2;22;;AC Steckdose Typ 2;22;;;;;;;
Rheinenergie AG;Venloer Str.;1152;;50829;Köln;Nordrhein-Westfalen;Kreisfreie Stadt Köln;50,969912;6,872926;07.04.21;122;Schnellladeeinrichtung;3;DC Kupplung Combo;50;;AC Steckdose Typ 2;22;;DC Kupplung Combo;50;;;;
Rheinenergie AG;Venloer Str.;1152;;50829;Köln;Nordrhein-Westfalen;Kreisfreie Stadt Köln;50,969912;6,872926;07.04.21;122;Schnellladeeinrichtung;3;DC Kupplung Combo;50;;AC Steckdose Typ 2;22;;DC Kupplung Combo;50;;;;
Rheinenergie AG;Vogelsanger Markt;0;;50829;Köln;Nordrhein-Westfalen;Kreisfreie Stadt Köln;50,95519;6,88083;27.10.21;44;Normalladeeinrichtung;2;AC Steckdose Typ 2;22;;AC Steckdose Typ 2;22;;;;;;;
IKEA Deutschland GmbH;Butzweiler Straße;51;;50829;Köln;Nordrhein-Westfalen;Kreisfreie Stadt Köln;50,98455;6,898305;20.07.17;42;Normalladeeinrichtung;2;AC Kupplung Typ 2;22;;DC Kupplung Combo, DC CHAdeMO;20;;;;;;;
IKEA Deutschland GmbH;Butzweiler Straße;51;;50829;Köln;Nordrhein-Westfalen;Kreisfreie Stadt Köln;50,98455;6,898305;20.07.18;42;Normalladeeinrichtung;2;AC Kupplung Typ 2;22;;DC Kupplung Combo, DC CHAdeMO;20;;;;;;;
Fuka elevator parts;Richard-Byrd-Str.;43;;50829;Köln;Nordrhein-Westfalen;Kreisfreie Stadt Köln;50,9899972;6,8901626;01.01.20;22;Normalladeeinrichtung;4;AC Steckdose Typ 2;22;;AC Steckdose Typ 2;22;;;22;;;22;
ALDI SÜD;Emmy-Noether-Straße;10;;50858;Köln;Nordrhein-Westfalen;Kreisfreie Stadt Köln;50,9185;6,850111;22.03.21;150;Schnellladeeinrichtung;3;DC Kupplung Combo;150;;DC Kupplung Combo;150;;AC Steckdose Typ 2;22;;;;
Rheinenergie AG;Lessingstraße;2;;50858;Köln;Nordrhein-Westfalen;Kreisfreie Stadt Köln;50,939739;6,844456;27.11.21;44;Normalladeeinrichtung;2;AC Steckdose Typ 2;22;;AC Steckdose Typ 2;22;;;;;;;
Rheinenergie AG;Guntharplatz;14;;50858;Köln;Nordrhein-Westfalen;Kreisfreie Stadt Köln;50,931537;6,857329;27.11.21;44;Normalladeeinrichtung;2;AC Steckdose Typ 2;22;;AC Steckdose Typ 2;22;;;;;;;
symCharge GmbH;Aachener Straße;1253;;50858;Köln;Nordrhein-Westfalen;Kreisfreie Stadt Köln;50,937439;6,835028;08.08.18;43;Normalladeeinrichtung;4;AC Steckdose Typ 2;22;;AC Steckdose Typ 2;22;;AC Steckdose Typ 2;22;;AC Steckdose Typ 2;22;
Procar Automobile GmbH;Bayerische Allee;1;;50858;Köln;Nordrhein-Westfalen;Kreisfreie Stadt Köln;50,915769;6,852945;03.01.19;44;Normalladeeinrichtung;2;AC Steckdose Typ 2;22;;AC Steckdose Typ 2;22;;;;;;;
Procar Automobile GmbH;Bayerische Allee;1;;50858;Köln;Nordrhein-Westfalen;Kreisfreie Stadt Köln;50,915772;6,852929;23.11.20;44;Normalladeeinrichtung;2;AC Steckdose Typ 2;22;;AC Steckdose Typ 2;22;;;;;;;
Procar Automobile GmbH;Bayerische Allee;1;;50858;Köln;Nordrhein-Westfalen;Kreisfreie Stadt Köln;50,915772;6,852929;23.11.20;44;Normalladeeinrichtung;2;AC Steckdose Typ 2;22;;AC Steckdose Typ 2;22;;;;;;;
Procar Automobile GmbH;Bayerische Allee;1;;50858;Köln;Nordrhein-Westfalen;Kreisfreie Stadt Köln;50,915772;6,852929;23.11.20;44;Normalladeeinrichtung;2;AC Steckdose Typ 2;22;;AC Steckdose Typ 2;22;;;;;;;
Procar Automobile GmbH;Bayerische Allee;1;;50858;Köln;Nordrhein-Westfalen;Kreisfreie Stadt Köln;50,915772;6,852929;23.11.20;44;Normalladeeinrichtung;2;AC Steckdose Typ 2;22;;AC Steckdose Typ 2;22;;;;;;;
Procar Automobile GmbH;Bayerische Allee;1;;50858;Köln;Nordrhein-Westfalen;Kreisfreie Stadt Köln;50,915772;6,852929;23.11.20;44;Normalladeeinrichtung;2;AC Steckdose Typ 2;22;;AC Steckdose Typ 2;22;;;;;;;
amperio GmbH;Max-Planck-Straße;9;;50858;Köln;Nordrhein-Westfalen;Kreisfreie Stadt Köln;50,922388;6,852667;05.11.20;44;Normalladeeinrichtung;2;AC Steckdose Typ 2;22;AJ77GXLL57453FVYZHFJDHLL7UIGW46N33ZIAJMP;AC Steckdose Typ 2;22;AJ2FXQLMIROL6CEHNNI3FYOEBBG2IHHMQARTUKLK;;;;;;
ALDI SÜD;Kölnerstraße;70;;50859;Köln;Nordrhein-Westfalen;Kreisfreie Stadt Köln;50,9469152;6,8470425;17.06.15;20;Normalladeeinrichtung;1;AC Steckdose Typ 2, DC Kupplung Combo, DC CHAdeMO;20;;;;;;;;;;
Rheinenergie AG;Ottostraße;7;;50859;Köln;Nordrhein-Westfalen;Kreisfreie Stadt Köln;50,949679;6,840067;09.07.14;44;Normalladeeinrichtung;2;AC Steckdose Typ 2, AC Schuko;22;;AC Steckdose Typ 2, AC Schuko;22;;;;;;;
Rheinenergie AG;Aachener Straße;1420;;50859;Köln;Nordrhein-Westfalen;Kreisfreie Stadt Köln;50,93951;6,815948;19.07.13;44;Normalladeeinrichtung;2;AC Steckdose Typ 2;22;;AC Steckdose Typ 2;22;;;;;;;
Rheinenergie AG;Aachener Straße;1420;;50859;Köln;Nordrhein-Westfalen;Kreisfreie Stadt Köln;50,93951;6,815948;19.07.13;44;Normalladeeinrichtung;2;AC Steckdose Typ 2;22;;AC Steckdose Typ 2;22;;;;;;;
Rheinenergie AG;Aachener Straße;1420;;50859;Köln;Nordrhein-Westfalen;Kreisfreie Stadt Köln;50,93951;6,815948;19.07.13;22;Normalladeeinrichtung;1;AC Steckdose Typ 2;22;;;;;;;;;;
Rheinenergie AG;Zusestraße;27;;50859;Köln;Nordrhein-Westfalen;Kreisfreie Stadt Köln;50,950222;6,845139;27.08.19;44;Normalladeeinrichtung;2;AC Steckdose Typ 2;22;;AC Steckdose Typ 2;22;;;;;;;
Rheinenergie AG;Am Aspelkreuz;16;;50859;Köln;Nordrhein-Westfalen;Kreisfreie Stadt Köln;50,961868;6,839489;17.06.21;44;Normalladeeinrichtung;2;AC Steckdose Typ 2;22;;AC Steckdose Typ 2;22;;;;;;;
Rheinenergie AG;Neue Sandkaul;10;;50859;Köln;Nordrhein-Westfalen;Kreisfreie Stadt Köln;50,965343;6,835866;17.09.21;44;Normalladeeinrichtung;2;AC Steckdose Typ 2;22;;AC Steckdose Typ 2;22;;;;;;;
Rheinenergie AG;Universitätsstraße;81;;50931;Köln;Nordrhein-Westfalen;Kreisfreie Stadt Köln;50,934178;6,924323;16.11.21;44;Normalladeeinrichtung;2;AC Steckdose Typ 2;22;;AC Steckdose Typ 2;22;;;;;;;
Rheinenergie AG;Lortzingplatz;11;;50931;Köln;Nordrhein-Westfalen;Kreisfreie Stadt Köln;50,931087;6,911647;16.11.21;44;Normalladeeinrichtung;2;AC Steckdose Typ 2;22;;AC Steckdose Typ 2;22;;;;;;;
Rheinenergie AG;Scheidtweilerstraße;38;;50933;Köln;Nordrhein-Westfalen;Kreisfreie Stadt Köln;50,938688;6,906852;10.02.15;44;Normalladeeinrichtung;2;AC Steckdose Typ 2, AC Schuko;22;;AC Steckdose Typ 2, AC Schuko;22;;;;;;;
Rheinenergie AG;Scheidtweilerstraße;4;;50933;Köln;Nordrhein-Westfalen;Kreisfreie Stadt Köln;50,937905;6,90728;23.09.16;44;Normalladeeinrichtung;2;AC Steckdose Typ 2;11;;AC Steckdose Typ 2;11;;;;;;;
Rheinenergie AG;Dürener Straße;287;;50933;Köln;Nordrhein-Westfalen;Kreisfreie Stadt Köln;50,926851;6,904361;02.05.19;122;Schnellladeeinrichtung;3;AC Steckdose Typ 2;22;;DC Kupplung Combo, DC CHAdeMO;50;;DC Kupplung Combo;50;;;;
Rheinenergie AG;Stolberger Straße;351;;50933;Köln;Nordrhein-Westfalen;Kreisfreie Stadt Köln;50,942229;6,887143;24.09.19;44;Normalladeeinrichtung;2;AC Steckdose Typ 2;22;;AC Steckdose Typ 2;22;;;;;;;
Rheinenergie AG;Stolberger Straße;351;;50933;Köln;Nordrhein-Westfalen;Kreisfreie Stadt Köln;50,942229;6,887143;24.09.19;44;Normalladeeinrichtung;2;AC Steckdose Typ 2;22;;AC Steckdose Typ 2;22;;;;;;;
Rheinenergie AG;Stolberger Straße;351;;50933;Köln;Nordrhein-Westfalen;Kreisfreie Stadt Köln;50,942229;6,887143;24.09.19;44;Normalladeeinrichtung;2;AC Steckdose Typ 2;22;;AC Steckdose Typ 2;22;;;;;;;
Rheinenergie AG;Stolberger Straße;351;;50933;Köln;Nordrhein-Westfalen;Kreisfreie Stadt Köln;50,942229;6,887143;24.09.19;44;Normalladeeinrichtung;2;AC Steckdose Typ 2;22;;AC Steckdose Typ 2;22;;;;;;;
Rheinenergie AG;Stolberger Straße;112;;50933;Köln;Nordrhein-Westfalen;Kreisfreie Stadt Köln;50,941992;6,897044;17.02.21;44;Normalladeeinrichtung;2;AC Steckdose Typ 2;22;;AC Steckdose Typ 2;22;;;;;;;
Rheinenergie AG;Stolberger Straße;313;;50933;Köln;Nordrhein-Westfalen;Kreisfreie Stadt Köln;50,942366;6,893091;17.02.21;44;Normalladeeinrichtung;2;AC Steckdose Typ 2;22;;AC Steckdose Typ 2;22;;;;;;;
Rheinenergie AG;Vitalisstraße;377;;50933;Köln;Nordrhein-Westfalen;Kreisfreie Stadt Köln;50,944653;6,884011;14.09.21;44;Normalladeeinrichtung;2;AC Steckdose Typ 2;22;;AC Steckdose Typ 2;22;;;;;;;
Rheinenergie AG;Eupener Straße;62;;50933;Köln;Nordrhein-Westfalen;Kreisfreie Stadt Köln;50,941013;6,889449;27.09.21;44;Normalladeeinrichtung;2;AC Steckdose Typ 2;22;;AC Steckdose Typ 2;22;;;;;;;
Rheinenergie AG;Hültzplatz;1;;50933;Köln;Nordrhein-Westfalen;Kreisfreie Stadt Köln;50,934639;6,905278;16.11.21;44;Normalladeeinrichtung;2;AC Steckdose Typ 2;22;;AC Steckdose Typ 2;22;;;;;;;
Rheinenergie AG;Gleuler Straße ;200;;50935;Köln;Nordrhein-Westfalen;Kreisfreie Stadt Köln;50,92167;6,90779;18.09.21;44;Normalladeeinrichtung;2;AC Steckdose Typ 2;22;;AC Steckdose Typ 2;22;;;;;;;
Rheinenergie AG;Dürener Straße;385;;50935;Köln;Nordrhein-Westfalen;Kreisfreie Stadt Köln;50,925348;6,895194;17.09.21;44;Normalladeeinrichtung;2;AC Steckdose Typ 2;22;;AC Steckdose Typ 2;22;;;;;;;
Rheinenergie AG;Euskirchener Straße;50;;50935;Köln;Nordrhein-Westfalen;Kreisfreie Stadt Köln;50,9178;6,91607;29.10.21;44;Normalladeeinrichtung;2;AC Steckdose Typ 2;22;;AC Steckdose Typ 2;22;;;;;;;
Rheinenergie AG;Franz-Kremer-Allee;1;;50937;Köln;Nordrhein-Westfalen;Kreisfreie Stadt Köln;50,907132;6,905552;28.11.17;44;Normalladeeinrichtung;2;AC Steckdose Typ 2;22;;AC Steckdose Typ 2;22;;;;;;;
Rheinenergie AG;Franz-Kremer-Allee;1;;50937;Köln;Nordrhein-Westfalen;Kreisfreie Stadt Köln;50,907132;6,905552;28.11.17;44;Normalladeeinrichtung;2;AC Steckdose Typ 2;22;;AC Steckdose Typ 2;22;;;;;;;
Rheinenergie AG;Lotharstraße;30;;50937;Köln;Nordrhein-Westfalen;Kreisfreie Stadt Köln;50,918896;6,927953;15.10.21;44;Normalladeeinrichtung;2;AC Steckdose Typ 2;22;;AC Steckdose Typ 2;22;;;;;;;
Rheinenergie AG;Zülpicher Straße;311;;50937;Köln;Nordrhein-Westfalen;Kreisfreie Stadt Köln;50,921509;6,920071;30.10.21;72;Schnellladeeinrichtung;2;DC Kupplung Combo;50;;AC Steckdose Typ 2;22;;;;;;;
ALDI SÜD;Rhöndorfer Straße;2;;50939;Köln;Nordrhein-Westfalen;Kreisfreie Stadt Köln;50,917833;6,936472;17.11.21;150;Schnellladeeinrichtung;3;DC Kupplung Combo;150;;DC Kupplung Combo;150;;AC Steckdose Typ 2;22;;;;
Rheinenergie AG;Rhöndorfer Straße;40;;50939;Köln;Nordrhein-Westfalen;Kreisfreie Stadt Köln;50,911782;6,932;30.11.21;44;Normalladeeinrichtung;2;AC Steckdose Typ 2;22;;AC Steckdose Typ 2;22;;;;;;;
Rheinenergie AG;Geisbergstraße;4;;50939;Köln;Nordrhein-Westfalen;Kreisfreie Stadt Köln;50,907391;6,919614;10.11.21;44;Normalladeeinrichtung;2;AC Steckdose Typ 2;22;;AC Steckdose Typ 2;22;;;;;;;
Rheinenergie AG;Brühler Straße;22;;50968;Köln;Nordrhein-Westfalen;Kreisfreie Stadt Köln;50,90976;6,9618;23.04.21;44;Normalladeeinrichtung;2;AC Steckdose Typ 2;22;;AC Steckdose Typ 2;22;;;;;;;
Rheinenergie AG;Tacitusstraße;17;;50968;Köln;Nordrhein-Westfalen;Kreisfreie Stadt Köln;50,909467;6,969244;17.05.21;44;Normalladeeinrichtung;2;AC Steckdose Typ 2;22;;AC Steckdose Typ 2;22;;;;;;;
Rheinenergie AG;Brühler Straße;210;;50968;Köln;Nordrhein-Westfalen;Kreisfreie Stadt Köln;50,901557;6,954735;25.05.21;44;Normalladeeinrichtung;2;AC Steckdose Typ 2;22;;AC Steckdose Typ 2;22;;;;;;;
Rheinenergie AG;Von-Groote-Straße;46;;50968;Köln;Nordrhein-Westfalen;Kreisfreie Stadt Köln;50,899257;6,967527;03.09.21;44;Normalladeeinrichtung;2;AC Steckdose Typ 2;22;;AC Steckdose Typ 2;22;;;;;;;
Rheinenergie AG;Am Südpark;1;;50968;Köln;Nordrhein-Westfalen;Kreisfreie Stadt Köln;50,898399;6,975829;17.11.21;44;Normalladeeinrichtung;2;AC Steckdose Typ 2;22;;AC Steckdose Typ 2;22;;;;;;;
Procar Automobile GmbH;Raderthalgürtel;1a;;50968;Köln;Nordrhein-Westfalen;Kreisfreie Stadt Köln;50,903385;6,95195;21.01.19;44;Normalladeeinrichtung;2;AC Steckdose Typ 2;22;;AC Steckdose Typ 2;22;;;;;;;
EWE Go GmbH;Koblenzer Str.;2-4;;50968;Köln;Nordrhein-Westfalen;Kreisfreie Stadt Köln;50,91427505;6,9621723;23.05.22;156;Schnellladeeinrichtung;2;DC Kupplung Combo;150;;DC Kupplung Combo;150;;;;;;;
ALDI SÜD;Neuer Weyerstraßenweg;3;;50969;Köln;Nordrhein-Westfalen;Kreisfreie Stadt Köln;50,9062751;6,9338666;16.06.15;20;Normalladeeinrichtung;1;AC Steckdose Typ 2, DC Kupplung Combo, DC CHAdeMO;20;;;;;;;;;;
Rheinenergie AG;Berlin-Kölnische-Allee;6;;50969;Köln;Nordrhein-Westfalen;Kreisfreie Stadt Köln;50,916828;6,938862;22.08.19;44;Normalladeeinrichtung;2;AC Steckdose Typ 2;22;;AC Steckdose Typ 2;22;;;;;;;
Rheinenergie AG;Homburger Straße;17;;50969;Köln;Nordrhein-Westfalen;Kreisfreie Stadt Köln;50,91378;6,94794;25.05.21;44;Normalladeeinrichtung;2;AC Steckdose Typ 2;22;;AC Steckdose Typ 2;22;;;;;;;
Rheinenergie AG;Am Vorgebirgstor;43;;50969;Köln;Nordrhein-Westfalen;Kreisfreie Stadt Köln;50,916649;6,942077;22.09.21;44;Normalladeeinrichtung;2;AC Steckdose Typ 2;22;;AC Steckdose Typ 2;22;;;;;;;
Rheinenergie AG;Hönninger Weg;222;;50969;Köln;Nordrhein-Westfalen;Kreisfreie Stadt Köln;50,90812;6,941103;17.09.21;44;Normalladeeinrichtung;2;AC Steckdose Typ 2;22;;AC Steckdose Typ 2;22;;;;;;;
Rheinenergie AG;Zollstockgürtel;22;;50969;Köln;Nordrhein-Westfalen;Kreisfreie Stadt Köln;50,905198;6,94172;29.10.21;44;Normalladeeinrichtung;2;AC Steckdose Typ 2;22;;AC Steckdose Typ 2;22;;;;;;;
Rheinenergie AG;Zollstockgürtel;2;;50969;Köln;Nordrhein-Westfalen;Kreisfreie Stadt Köln;50,904749;6,945031;22.09.21;44;Normalladeeinrichtung;2;AC Steckdose Typ 2;22;;AC Steckdose Typ 2;22;;;;;;;
Rheinenergie AG;Kalscheurer Weg;35;;50969;Köln;Nordrhein-Westfalen;Kreisfreie Stadt Köln;50,906421;6,940131;01.11.21;44;Normalladeeinrichtung;2;AC Steckdose Typ 2;22;;AC Steckdose Typ 2;22;;;;;;;
Charge-ON GmbH;Höninger Weg;12;;50969;Köln;Nordrhein-Westfalen;Kreisfreie Stadt Köln;50,92081;6,9403;12.12.17;72;Schnellladeeinrichtung;2;AC Kupplung Typ 2;22;;DC Kupplung Combo, DC CHAdeMO;50;;;;;;;
Rheinenergie AG;Mainstraße;38;;50996;Köln;Nordrhein-Westfalen;Kreisfreie Stadt Köln;50,884383;7,001274;22.09.21;44;Normalladeeinrichtung;2;AC Steckdose Typ 2;22;;AC Steckdose Typ 2;22;;;;;;;
Rheinenergie AG;Gudrunstraße;1;;50996;Köln;Nordrhein-Westfalen;Kreisfreie Stadt Köln;50,891111;6,996805;20.09.21;44;Normalladeeinrichtung;2;AC Steckdose Typ 2;22;;AC Steckdose Typ 2;22;;;;;;;
Lidl Dienstleistung GmbH & Co. KG;Emil-Hoffmann-Str.;42;;50996;Köln;Nordrhein-Westfalen;Kreisfreie Stadt Köln;50,86748;6,99062;21.04.20;72;Schnellladeeinrichtung;2;AC Steckdose Typ 2, AC Kupplung Typ 2;22;;DC Kupplung Combo, DC CHAdeMO;50;;;;;;;
Rheinenergie AG;Reiherstraße;21;;50997;Köln;Nordrhein-Westfalen;Kreisfreie Stadt Köln;50,875034;6,960539;26.11.21;44;Normalladeeinrichtung;2;AC Steckdose Typ 2;22;;AC Steckdose Typ 2;22;;;;;;;
IKEA Deutschland GmbH;Godorfer Hauptstraße;171;;50997;Köln;Nordrhein-Westfalen;Kreisfreie Stadt Köln;50,862081;6,971593;20.07.18;42;Normalladeeinrichtung;2;AC Kupplung Typ 2;22;;DC Kupplung Combo, DC CHAdeMO;20;;;;;;;
IKEA Deutschland GmbH;Godorfer Hauptstraße;171;;50997;Köln;Nordrhein-Westfalen;Kreisfreie Stadt Köln;50,862081;6,971593;20.07.18;42;Normalladeeinrichtung;2;AC Kupplung Typ 2;22;;DC Kupplung Combo, DC CHAdeMO;20;;;;;;;
ALDI SÜD;Am Feldrain;38;;50999;Köln;Nordrhein-Westfalen;Kreisfreie Stadt Köln;50,87182;7,01324;16.06.15;20;Normalladeeinrichtung;1;AC Steckdose Typ 2, DC Kupplung Combo, DC CHAdeMO;20;;;;;;;;;;
Rheinenergie AG;Sürther Marktplatz;0;;50999;Köln;Nordrhein-Westfalen;Kreisfreie Stadt Köln;50,86178;7,00788;17.09.21;72;Schnellladeeinrichtung;2;DC Kupplung Combo;50;;AC Steckdose Typ 2;22;;;;;;;
Rheinenergie AG;Miltzstraße;14;;51061;Köln;Nordrhein-Westfalen;Kreisfreie Stadt Köln;51,002995;6,974744;25.06.18;44;Normalladeeinrichtung;2;AC Steckdose Typ 2;22;;AC Steckdose Typ 2;22;;;;;;;
Rheinenergie AG;Thuleweg;62;;51061;Köln;Nordrhein-Westfalen;Kreisfreie Stadt Köln;50,981562;7,044829;01.06.21;44;Normalladeeinrichtung;2;AC Steckdose Typ 2;22;;AC Steckdose Typ 2;22;;;;;;;
Rheinenergie AG;Evergerstraße;31;;51061;Köln;Nordrhein-Westfalen;Kreisfreie Stadt Köln;51,001372;6,980353;17.06.21;44;Normalladeeinrichtung;2;AC Steckdose Typ 2;22;;AC Steckdose Typ 2;22;;;;;;;
Rheinenergie AG;Eduard-Heis-Straße ;1;;51061;Köln;Nordrhein-Westfalen;Kreisfreie Stadt Köln;50,999401;6,983248;11.11.21;44;Normalladeeinrichtung;2;AC Steckdose Typ 2;22;;AC Steckdose Typ 2;22;;;;;;;
Rheinenergie AG;Adam-Stegerwald-Str.;19;;51063;Köln;Nordrhein-Westfalen;Kreisfreie Stadt Köln;50,949945;6,992169;28.09.17;44;Normalladeeinrichtung;2;AC Steckdose Typ 2;22;;AC Steckdose Typ 2;22;;;;;;;
Rheinenergie AG;Düsseldorfer Straße;95;;51063;Köln;Nordrhein-Westfalen;Kreisfreie Stadt Köln;50,97451;7,00236;17.05.21;44;Normalladeeinrichtung;2;AC Steckdose Typ 2;22;;AC Steckdose Typ 2;22;;;;;;;
Rheinenergie AG;Tiefentalstraße;39;;51063;Köln;Nordrhein-Westfalen;Kreisfreie Stadt Köln;50,975501;6,007016;06.05.21;44;Normalladeeinrichtung;2;AC Steckdose Typ 2;22;;AC Steckdose Typ 2;22;;;;;;;
Rheinenergie AG;Von Sparr Straße;1;;51063;Köln;Nordrhein-Westfalen;Kreisfreie Stadt Köln;50,972832;7,007129;07.09.21;44;Normalladeeinrichtung;2;AC Steckdose Typ 2;22;;AC Steckdose Typ 2;22;;;;;;;
Lidl Dienstleistung GmbH & Co. KG;Düsseldorfer Straße;177;;51063;Köln;Nordrhein-Westfalen;Kreisfreie Stadt Köln;50,9777562;7,0010122;11.12.18;44;Normalladeeinrichtung;2;AC Steckdose Typ 2;22;9BBD1794AAA87814176A419987290E2EB19E6DED7D0E297D0B42D4DB6A8274A69FBEFBB519375071302865038CE354C8;AC Steckdose Typ 2;22;B2D2B942B51A30B67AA43B29A573EE2852796BAD88E52F0011B7C0BFC3CBA98FFF76803412C805F3C4626F8DDD028AF4;;;;;;
Procar Automobile GmbH;Clevischer Ring;129;;51063;Köln;Nordrhein-Westfalen;Kreisfreie Stadt Köln;50,976487;7,003912;18.01.19;44;Normalladeeinrichtung;2;AC Steckdose Typ 2;22;;AC Steckdose Typ 2;22;;;;;;;
Lidl Dienstleistung GmbH & Co. KG;Kalk-Mühlheimer-Str.;337;;51065;Köln;Nordrhein-Westfalen;Kreisfreie Stadt Köln;50,9578;7,0056;28.05.19;44;Normalladeeinrichtung;2;AC Steckdose Typ 2;22;;AC Steckdose Typ 2;22;;;;;;;
Rheinenergie AG;Colonia-Allee;10-20;;51067;Köln;Nordrhein-Westfalen;Kreisfreie Stadt Köln;50,963563;7,051716;09.01.18;44;Normalladeeinrichtung;2;AC Steckdose Typ 2;22;;AC Steckdose Typ 2;22;;;;;;;
Rheinenergie AG;Colonia-Allee;10-20;;51067;Köln;Nordrhein-Westfalen;Kreisfreie Stadt Köln;50,963563;7,051716;10.10.19;44;Normalladeeinrichtung;2;AC Steckdose Typ 2;22;;AC Steckdose Typ 2;22;;;;;;;
Rheinenergie AG;Bergisch Gladbacher Straße;999;;51067;Köln;Nordrhein-Westfalen;Kreisfreie Stadt Köln;50,979224;7,072287;18.05.21;44;Normalladeeinrichtung;2;AC Steckdose Typ 2;22;;AC Steckdose Typ 2;22;;;;;;;
Rheinenergie AG;Neufelder Straße;35;;51067;Köln;Nordrhein-Westfalen;Kreisfreie Stadt Köln;50,967991;7,057602;10.05.21;44;Normalladeeinrichtung;2;AC Steckdose Typ 2;22;;AC Steckdose Typ 2;22;;;;;;;
Rheinenergie AG;Piccoloministraße;464;;51067;Köln;Nordrhein-Westfalen;Kreisfreie Stadt Köln;50,972986;7,049331;01.06.21;44;Normalladeeinrichtung;2;AC Steckdose Typ 2;22;;AC Steckdose Typ 2;22;;;;;;;
Rheinenergie AG;Bergisch Gladbacher Straße;988;;51067;Köln;Nordrhein-Westfalen;Kreisfreie Stadt Köln;50,978136;7,069253;02.09.21;44;Normalladeeinrichtung;2;AC Steckdose Typ 2;22;;AC Steckdose Typ 2;22;;;;;;;
Rheinenergie AG;Bergisch Gladbacher Straße;499;;51067;Köln;Nordrhein-Westfalen;Kreisfreie Stadt Köln;50,968878;7,041386;13.10.21;44;Normalladeeinrichtung;2;AC Steckdose Typ 2;22;;AC Steckdose Typ 2;22;;;;;;;
Art Factory;Dünnwalder Mauspfad;341;;51069;Köln;Nordrhein-Westfalen;Kreisfreie Stadt Köln;50,9986042;7,0461803;13.04.21;22;Normalladeeinrichtung;2;AC Steckdose Typ 2;11;;AC Steckdose Typ 2;11;;;;;;;
Rheinenergie AG;Olpener Straße;194;;51103;Köln;Nordrhein-Westfalen;Kreisfreie Stadt Köln;50,94013;7,02626;06.05.21;44;Normalladeeinrichtung;2;AC Steckdose Typ 2;22;;AC Steckdose Typ 2;22;;;;;;;
Rheinenergie AG;Frankfurter Straße;350;;51103;Köln;Nordrhein-Westfalen;Kreisfreie Stadt Köln;50,9438;7,02691;19.05.21;44;Normalladeeinrichtung;2;AC Steckdose Typ 2;22;;AC Steckdose Typ 2;22;;;;;;;
Rheinenergie AG;Vorsterstraße;68;;51103;Köln;Nordrhein-Westfalen;Kreisfreie Stadt Köln;50,938932;7,001707;07.09.21;72;Schnellladeeinrichtung;2;DC Kupplung Combo;50;;AC Steckdose Typ 2;22;;;;;;;
Rheinenergie AG;Kalker Hauptstraße;176;;51103;Köln;Nordrhein-Westfalen;Kreisfreie Stadt Köln;50,938266;7,00554;17.11.21;44;Normalladeeinrichtung;2;AC Steckdose Typ 2;22;;AC Steckdose Typ 2;22;;;;;;;
ALDI SÜD;Poller Kirchweg;76;;51105;Köln-Poll;Nordrhein-Westfalen;Kreisfreie Stadt Köln;50,917817;6,984346;09.07.20;150;Schnellladeeinrichtung;3;DC Kupplung Combo;150;;DC Kupplung Combo;150;;AC Steckdose Typ 2;22;;;;
Rheinenergie AG;Konstantin-Wille-Straße;1;ggü.;51105;Köln;Nordrhein-Westfalen;Kreisfreie Stadt Köln;50,923715;6,991864;23.04.13;44;Normalladeeinrichtung;2;AC Steckdose Typ 2, AC Schuko;22;;AC Steckdose Typ 2, AC Schuko;22;;;;;;;
Rheinenergie AG;Siegburgerstraße;232-238;;51105;Köln;Nordrhein-Westfalen;Kreisfreie Stadt Köln;50,92041;6,984919;13.06.16;22;Normalladeeinrichtung;1;AC Steckdose Typ 2, AC Schuko;22;;;;;;;;;;
Rheinenergie AG;Alfred-Schütte-Allee;132;;51105;Köln;Nordrhein-Westfalen;Kreisfreie Stadt Köln;50,911664;6,984901;11.05.21;44;Normalladeeinrichtung;2;AC Steckdose Typ 2;22;;AC Steckdose Typ 2;22;;;;;;;
Rheinenergie AG;Taunusstraße;7;;51105;Köln;Nordrhein-Westfalen;Kreisfreie Stadt Köln;50,934627;6,99747;14.05.21;44;Normalladeeinrichtung;2;AC Steckdose Typ 2;22;;AC Steckdose Typ 2;22;;;;;;;
Rheinenergie AG;Gottfried-Hagen-Straße;44;;51105;Köln;Nordrhein-Westfalen;Kreisfreie Stadt Köln;50,931443;7,002094;03.09.21;44;Normalladeeinrichtung;2;AC Steckdose Typ 2;22;;AC Steckdose Typ 2;22;;;;;;;
Rheinenergie AG;Esserstraße;79;;51105;Köln;Nordrhein-Westfalen;Kreisfreie Stadt Köln;50,93031;6,99647;25.11.21;44;Normalladeeinrichtung;2;AC Steckdose Typ 2;22;;AC Steckdose Typ 2;22;;;;;;;
Rheinenergie AG;Siegburgerstraße;232-238;;51106;Köln;Nordrhein-Westfalen;Kreisfreie Stadt Köln;50,92041;6,984919;13.06.16;22;Normalladeeinrichtung;1;AC Steckdose Typ 2, AC Schuko;22;;;;;;;;;;
Rheinenergie AG;Ludwig-Ronig-Straße;6;;51107;Köln;Nordrhein-Westfalen;Kreisfreie Stadt Köln;50,928982;7,047877;14.05.21;44;Normalladeeinrichtung;2;AC Steckdose Typ 2;22;;AC Steckdose Typ 2;22;;;;;;;
Rheinenergie AG;Ostheimer Straße;125;;51107;Köln;Nordrhein-Westfalen;Kreisfreie Stadt Köln;50,932279;7,024819;26.05.21;44;Normalladeeinrichtung;2;AC Steckdose Typ 2;22;;AC Steckdose Typ 2;22;;;;;;;
Rheinenergie AG;Fockerweg;8;;51107;Köln;Nordrhein-Westfalen;Kreisfreie Stadt Köln;50,920487;7,083967;19.09.21;44;Normalladeeinrichtung;2;AC Steckdose Typ 2;22;;AC Steckdose Typ 2;22;;;;;;;
Rheinenergie AG;Ostmerheimer Str.;555;;51109;Köln;Nordrhein-Westfalen;Kreisfreie Stadt Köln;50,957514;7,048832;14.10.16;22;Normalladeeinrichtung;2;AC Steckdose Typ 2;11;;AC Steckdose Typ 2;11;;;;;;;
Rheinenergie AG;Ostmerheimer Str.;555;;51109;Köln;Nordrhein-Westfalen;Kreisfreie Stadt Köln;50,957514;7,048832;14.10.16;44;Normalladeeinrichtung;2;AC Steckdose Typ 2;22;;AC Steckdose Typ 2;22;;;;;;;
Rheinenergie AG;Olpener Straße;803;;51109;Köln;Nordrhein-Westfalen;Kreisfreie Stadt Köln;50,945239;7,075701;03.09.21;44;Normalladeeinrichtung;2;AC Steckdose Typ 2;22;;AC Steckdose Typ 2;22;;;;;;;
Rheinenergie AG;Kratzweg;116;;51109;Köln;Nordrhein-Westfalen;Kreisfreie Stadt Köln;50,94651;7,04947;09.11.21;44;Normalladeeinrichtung;2;AC Steckdose Typ 2;22;;AC Steckdose Typ 2;22;;;;;;;
Kaufland Dienstleistung GmbH & Co. KG;Ostmerheimer Str.;198;;51109;Köln-Merheim;Nordrhein-Westfalen;Kreisfreie Stadt Köln;50,941765;7,051004;02.02.18;93;Schnellladeeinrichtung;2;AC Kupplung Typ 2;43;;DC Kupplung Combo, DC CHAdeMO;50;;;;;;;
Rheinenergie AG;Hauptstraße;245;;51143;Köln;Nordrhein-Westfalen;Kreisfreie Stadt Köln;50,873884;7,049901;01.06.21;44;Normalladeeinrichtung;2;AC Steckdose Typ 2;22;;AC Steckdose Typ 2;22;;;;;;;
Rheinenergie AG;Lülsdorfer Straße;125;;51143;Köln;Nordrhein-Westfalen;Kreisfreie Stadt Köln;50,84619;7,005676;27.05.21;44;Normalladeeinrichtung;2;AC Steckdose Typ 2;22;;AC Steckdose Typ 2;22;;;;;;;
Rheinenergie AG;Unterm Berg;18;;51143;Köln;Nordrhein-Westfalen;Kreisfreie Stadt Köln;50,865236;7,036802;08.06.21;44;Normalladeeinrichtung;2;AC Steckdose Typ 2;22;;AC Steckdose Typ 2;22;;;;;;;
Rheinenergie AG;Rathausstraße;4;;51143;Köln;Nordrhein-Westfalen;Kreisfreie Stadt Köln;50,88611;7,05433;07.09.21;44;Normalladeeinrichtung;2;AC Steckdose Typ 2;22;;AC Steckdose Typ 2;22;;;;;;;
Rheinenergie AG;Hauptstraße;170;;51143;Köln;Nordrhein-Westfalen;Kreisfreie Stadt Köln;50,869174;7,045382;03.09.21;44;Normalladeeinrichtung;2;AC Steckdose Typ 2;22;;AC Steckdose Typ 2;22;;;;;;;
APCOA PARKING Deutschland GmbH;Hermannstr.;2;;51143;Köln;Nordrhein-Westfalen;Kreisfreie Stadt Köln;50,8845774;7,058672;01.12.16;11;Normalladeeinrichtung;2;AC Steckdose Typ 2;11;;AC Steckdose Typ 2;11;;;;;;;
Charge-ON GmbH;Hermannstraße;2;;51143;Köln;Nordrhein-Westfalen;Kreisfreie Stadt Köln;50,885322;7,060149;16.11.20;11;Normalladeeinrichtung;1;AC Steckdose Typ 2;11;;;;;;;;;;
ALDI SÜD;Kaiserstr.;95;;51145;Köln;Nordrhein-Westfalen;Kreisfreie Stadt Köln;50,88136;7,0699;16.06.15;20;Normalladeeinrichtung;1;AC Steckdose Typ 2, DC Kupplung Combo, DC CHAdeMO;20;;;;;;;;;;
Rheinenergie AG;Kaiserstraße;21;;51145;Köln;Nordrhein-Westfalen;Kreisfreie Stadt Köln;50,881;7,077262;22.06.21;44;Normalladeeinrichtung;2;AC Steckdose Typ 2;22;;AC Steckdose Typ 2;22;;;;;;;
Lidl Dienstleistung GmbH & Co. KG;Friedrich-Neumann-Str.;1;;51145;Köln;Nordrhein-Westfalen;Kreisfreie Stadt Köln;50,89996;7,07561;23.02.21;75;Schnellladeeinrichtung;3;AC Steckdose Typ 2, AC Kupplung Typ 2;22;;AC Kupplung Typ 2, DC Kupplung Combo;50;;AC Kupplung Typ 2, DC CHAdeMO;50;;;;
Rheinenergie AG;Niederkasselerstr.;8;;51147;Köln;Nordrhein-Westfalen;Kreisfreie Stadt Köln;50,840479;7,103025;17.01.19;72;Schnellladeeinrichtung;2;AC Steckdose Typ 2;22;;DC Kupplung Combo, DC CHAdeMO;50;;;;;;;
Rheinenergie AG;Heinrich-Steinmann-Str.;12;;51147;Köln;Nordrhein-Westfalen;Kreisfreie Stadt Köln;50,880516;7,116148;01.04.14;11;Normalladeeinrichtung;1;AC Steckdose Typ 2;11;;;;;;;;;;
Rheinenergie AG;Heinrich-Steinmann-Str.;12;;51147;Köln;Nordrhein-Westfalen;Kreisfreie Stadt Köln;50,880277;7,115876;01.04.14;11;Normalladeeinrichtung;1;AC Steckdose Typ 2;11;;;;;;;;;;
Rheinenergie AG;Kennedystraße;1;;51147;Köln;Nordrhein-Westfalen;Kreisfreie Stadt Köln;50,879504;7,118784;22.03.19;3,5;Normalladeeinrichtung;1;AC Steckdose Typ 2;3,5;;;;;;;;;;
Rheinenergie AG;Kennedystraße;1;;51147;Köln;Nordrhein-Westfalen;Kreisfreie Stadt Köln;50,879504;7,118784;22.03.19;3,5;Normalladeeinrichtung;1;AC Steckdose Typ 2;3,5;;;;;;;;;;
Rheinenergie AG;Kennedystraße;1;;51147;Köln;Nordrhein-Westfalen;Kreisfreie Stadt Köln;50,879504;7,118784;22.03.19;3,5;Normalladeeinrichtung;1;AC Steckdose Typ 2;3,5;;;;;;;;;;
Rheinenergie AG;Kennedystraße;1;;51147;Köln;Nordrhein-Westfalen;Kreisfreie Stadt Köln;50,879504;7,118784;22.03.19;3,5;Normalladeeinrichtung;1;AC Steckdose Typ 2;3,5;;;;;;;;;;
Rheinenergie AG;Kennedystraße;1;;51147;Köln;Nordrhein-Westfalen;Kreisfreie Stadt Köln;50,879504;7,118784;27.03.19;3,5;Normalladeeinrichtung;1;AC Steckdose Typ 2;3,5;;;;;;;;;;
Rheinenergie AG;Kennedystraße;1;;51147;Köln;Nordrhein-Westfalen;Kreisfreie Stadt Köln;50,879504;7,118784;27.03.19;3,5;Normalladeeinrichtung;1;AC Steckdose Typ 2;3,5;;;;;;;;;;
Rheinenergie AG;Kennedystraße;1;;51147;Köln;Nordrhein-Westfalen;Kreisfreie Stadt Köln;50,879504;7,118784;27.03.19;3,5;Normalladeeinrichtung;1;AC Steckdose Typ 2;3,5;;;;;;;;;;
Rheinenergie AG;Kennedystraße;1;;51147;Köln;Nordrhein-Westfalen;Kreisfreie Stadt Köln;50,879504;7,118784;27.03.19;3,5;Normalladeeinrichtung;1;AC Steckdose Typ 2;3,5;;;;;;;;;;
Rheinenergie AG;Kennedystraße;1;;51147;Köln;Nordrhein-Westfalen;Kreisfreie Stadt Köln;50,879504;7,118784;27.03.19;3,5;Normalladeeinrichtung;1;AC Steckdose Typ 2;3,5;;;;;;;;;;
Rheinenergie AG;Kennedystraße;1;;51147;Köln;Nordrhein-Westfalen;Kreisfreie Stadt Köln;50,879504;7,118784;30.09.19;3,5;Normalladeeinrichtung;1;AC Steckdose Typ 2;3,5;;;;;;;;;;
Rheinenergie AG;Hansestraße;115;;51149;Köln;Nordrhein-Westfalen;Kreisfreie Stadt Köln;50,91278;7,056672;08.04.15;44;Normalladeeinrichtung;2;AC Steckdose Typ 2, AC Schuko;22;;AC Steckdose Typ 2, AC Schuko;22;;;;;;;
Rheinenergie AG;Kennedystraße;1;;51149;Köln;Nordrhein-Westfalen;Kreisfreie Stadt Köln;50,882871;7,110765;02.04.19;3,5;Normalladeeinrichtung;1;AC Steckdose Typ 2;3,5;;;;;;;;;;
Rheinenergie AG;Kennedystraße;1;;51149;Köln;Nordrhein-Westfalen;Kreisfreie Stadt Köln;50,882871;7,110765;02.04.19;3,5;Normalladeeinrichtung;1;AC Steckdose Typ 2;3,5;;;;;;;;;;
Rheinenergie AG;Kennedystraße;1;;51149;Köln;Nordrhein-Westfalen;Kreisfreie Stadt Köln;50,882871;7,110765;02.04.19;3,5;Normalladeeinrichtung;1;AC Steckdose Typ 2;3,5;;;;;;;;;;
Rheinenergie AG;Kennedystraße;1;;51149;Köln;Nordrhein-Westfalen;Kreisfreie Stadt Köln;50,882871;7,110765;02.04.19;3,5;Normalladeeinrichtung;1;AC Steckdose Typ 2;3,5;;;;;;;;;;
Rheinenergie AG;Kennedystraße;1;;51149;Köln;Nordrhein-Westfalen;Kreisfreie Stadt Köln;50,882871;7,110765;20.05.19;3,5;Normalladeeinrichtung;1;AC Steckdose Typ 2;3,5;;;;;;;;;;
Rheinenergie AG;Kennedystraße;1;;51149;Köln;Nordrhein-Westfalen;Kreisfreie Stadt Köln;50,882871;7,110765;20.05.19;3,5;Normalladeeinrichtung;1;AC Steckdose Typ 2;3,5;;;;;;;;;;
Rheinenergie AG;Kennedystraße;1;;51149;Köln;Nordrhein-Westfalen;Kreisfreie Stadt Köln;50,882871;7,110765;20.05.19;3,5;Normalladeeinrichtung;1;AC Steckdose Typ 2;3,5;;;;;;;;;;
Rheinenergie AG;Kennedystraße;1;;51149;Köln;Nordrhein-Westfalen;Kreisfreie Stadt Köln;50,882871;7,110765;12.06.19;3,5;Normalladeeinrichtung;1;AC Steckdose Typ 2;3,5;;;;;;;;;;
Rheinenergie AG;Kennedystraße;1;;51149;Köln;Nordrhein-Westfalen;Kreisfreie Stadt Köln;50,882871;7,110765;09.03.20;3,5;Normalladeeinrichtung;1;AC Steckdose Typ 2;3,5;;;;;;;;;;
Rheinenergie AG;Kennedystraße;1;;51149;Köln;Nordrhein-Westfalen;Kreisfreie Stadt Köln;50,882871;7,110765;23.10.20;3,5;Normalladeeinrichtung;1;AC Steckdose Typ 2;3,5;;;;;;;;;;
Rheinenergie AG;Nikolausstraße;50;;51149;Köln;Nordrhein-Westfalen;Kreisfreie Stadt Köln;50,900408;7,01894;11.05.21;44;Normalladeeinrichtung;2;AC Steckdose Typ 2;22;;AC Steckdose Typ 2;22;;;;;;;
Rheinenergie AG;Neuenhofstraße;2;;51149;Köln;Nordrhein-Westfalen;Kreisfreie Stadt Köln;50,911001;7,053249;05.06.21;44;Normalladeeinrichtung;2;AC Steckdose Typ 2;22;;AC Steckdose Typ 2;22;;;;;;;
Rheinenergie AG;Theodor-Heuss-Straße;9;;51149;Köln;Nordrhein-Westfalen;Kreisfreie Stadt Köln;50,897005;7,064606;28.05.21;44;Normalladeeinrichtung;2;AC Steckdose Typ 2;22;;AC Steckdose Typ 2;22;;;;;;;